"Manufacturer","MPN","LCSC","Descriptions","ProcurementNote","Footprint","References","Quantity"
"","CL21A106KOQNNNE","C1713","10uF 10V USB IN,10uF AP2112 OUT,10uF MUX OUT","","Capacitor_SMD:C_0805_2012Metric","C1,C4,C15","3"
"","19-217/GHC-YR1S2/3T","C2286","GREEN POWER","","LED_SMD:LED_0603_1608Metric","D8","1"
"","19-217/BHC-ZL1M2RY/3T","C2293","BLUE STATUS","","LED_SMD:LED_0603_1608Metric","D9","1"
"","CL10A105KA8NNNC","C5673","1uF AP2112 IN,1uF EN RESET,1uF MUX VIN1,1uF MUX VIN2","","Capacitor_SMD:C_0603_1608Metric","C3,C9,C17,C18","4"
"","CL21A226MQQNNNE","C5674","22uF ESP BULK","","Capacitor_SMD:C_0805_2012Metric","C7","1"
"Jiangsu Changjing Electronics","2N7002","C8545","2N7002 ACK OPEN-DRAIN,2N7002 DATA OPEN-DRAIN","","Package_TO_SOT_SMD:SOT-23","Q1,Q2","2"
"","CL31A226KAHNNNE","C12891","22uF 25V AP63203 IN,22uF 25V AP63203 OUT","","Capacitor_SMD:C_1206_3216Metric","C10,C13,C14","3"
"","CC0603KRX7R9BB104","C14663","100nF 50V AP63203 IN,100nF 50V BOOTSTRAP,100nF CH340 V3,100nF CH340 VCC,100nF ESP BYPASS,100nF MUX OUT,100nF USB IN","","Capacitor_SMD:C_0603_1608Metric","C2,C5,C6,C8,C11,C12,C16","7"
"","0402WGF0000TCE","C17168","0R CH340 3V3 LINK,0R GPIO21 ROUTE LINK,0R GPIO21 ROUTE LINK 2,0R UART TX LINK 2,0R UART TX ROUTE LINK,0R UART TX SERVICE LINK","","Resistor_SMD:R_0402_1005Metric","R17,R21-R25","6"
"","0603WAF1001T5E","C21190","1k POWER LED,1k PS1 ACK,1k PS1 ATT,1k PS1 CLK,1k PS1 CMD,1k STATUS LED,1k UART RX SERIES,1k UART2 RX,1k UART2 TX","","Resistor_SMD:R_0603_1608Metric","R5,R7,R9-R11,R14,R15,R41,R42","9"
"","0603WAF1000T5E","C22775","100R ACK GATE,100R DATA GATE","","Resistor_SMD:R_0603_1608Metric","R8,R37","2"
"","0603WAF1003T5E","C25803","100k ACK GATE PULLDOWN,100k DATA GATE PULLDOWN,100k MUX STATUS PU,100k UART RX PULLDOWN,100k UNUSED INPUT PULLDOWN","","Resistor_SMD:R_0603_1608Metric","R6,R16,R32,R35,R36,R38","6"
"","0603WAF1002T5E","C25804","10k BOOT PU,10k DTR BASE,10k EN PU,10k PS1 ACK PU,10k PS1 DATA PU,10k RTS BASE,10k TPS2116 PR1 BOTTOM,10k TPS2116 PR1 TOP","","Resistor_SMD:R_0603_1608Metric","R3,R4,R12,R13,R18,R19,R39,R40","8"
"","0402WGF5101TCE","C25905","5.1k CC1,5.1k CC2","","Resistor_SMD:R_0402_1005Metric","R1,R2","2"
"Diodes Incorporated","AP2112K-3.3TRG1","C51118","AP2112K-3.3","","Package_TO_SOT_SMD:SOT-23-5","U4","1"
"onsemi","MMBT3904LT1G","C81464","MMBT3904 AUTO BOOT,MMBT3904 AUTO RESET","","Package_TO_SOT_SMD:SOT-23","Q4,Q5","2"
"WCH","CH340C","C84681","CH340C","","Package_SO:SOIC-16_3.9x9.9mm_P1.27mm","U2","1"
"LRC","SMAJ5.0A","C140902","SMAJ5.0A USB TVS","","Diode_SMD:D_SMA","D1","1"
"Korean Hroparts","TYPE-C-31-M-12","C165948","J3 USB-C POWER / PROGRAM / PC","","Connector_USB:USB_C_Receptacle_HRO_TYPE-C-31-M-12_S1","J3","1"
"Nexperia","PESD3V3U1UA,115","C403915","PESD3V3U1UA ACK ESD","","Diode_SMD:D_SOD-323","D3","1"
"Espressif Systems","ESP32-WROOM-32E-N4","C701341","ESP32-WROOM-32E","","RF_Module:ESP32-WROOM-32E-N4-PROD","U1","1"
"Diodes Incorporated","AP63203WU-7","C780769","AP63203WU-7","","Package_TO_SOT_SMD:TSOT-23-6","J5","1"
"GOODWORK","SMAJ12A","C908766","SMAJ12A PS1 TVS","","Diode_SMD:D_SMA","D2","1"
"BHFUSE","BSMD1206-075-30V","C976305","0.75A PS1 PTC,750mA USB PTC","","Fuse:Fuse_1206_3216Metric","F1,F2","2"
"Korean Hroparts","K2-1107ST-A4SW-06","C2837195","BOOT,RESET","","Button_Switch_SMD:K2-1107ST-A4SW-06","SW1,SW2","2"
"TECH PUBLIC","TPD2EUSB30ADRTR-TP","C2987043","TPD2EUSB30A HARNESS ESD,TPD2EUSB30A USB ESD","","Package_TO_SOT_SMD:Texas_DRT-3","D4-D7","4"
"Texas Instruments","TPS2116DRLR","C3235557","TPS2116DRLR POWER MUX","","Package_TO_SOT_SMD:SOT-583-8","U6","1"
"Hong Cheng","HC-USB3.0-L168-ZP","C7501856","J1 PS1 CONTROLLER - NOT USB,J2 PS1 SERIAL - NOT USB","","Connector_USB:HC-USB3.0-L168-ZP","J1,J2","2"
"Magnetsyc","CPN4020H4R7MT","C52741363","4.7uH +/-20%, 2.5A rated, 4.7A Isat","4.7uH +/-20%; 2.5A rated; 4.7A Isat; SMD 4x4mm","Inductor_SMD:L_Sunlord_SWPA4020S","L1","1"
