"Designator","Comment","Footprint","Manufacturer","MPN","LCSC","ProcurementNote","Quantity","DNP"
"C1","10uF 10V USB IN","Capacitor_SMD:C_0805_2012Metric","","CL21A106KOQNNNE","C1713","","1",""
"C2","100nF USB IN","Capacitor_SMD:C_0603_1608Metric","","CC0603KRX7R9BB104","C14663","","1",""
"C3","1uF AP2112 IN","Capacitor_SMD:C_0603_1608Metric","","CL10A105KA8NNNC","C5673","","1",""
"C4","10uF AP2112 OUT","Capacitor_SMD:C_0805_2012Metric","","CL21A106KOQNNNE","C1713","","1",""
"C5","100nF CH340 VCC","Capacitor_SMD:C_0603_1608Metric","","CC0603KRX7R9BB104","C14663","","1",""
"C6","100nF CH340 V3","Capacitor_SMD:C_0603_1608Metric","","CC0603KRX7R9BB104","C14663","","1",""
"C7","22uF ESP BULK","Capacitor_SMD:C_0805_2012Metric","","CL21A226MQQNNNE","C5674","","1",""
"C8","100nF ESP BYPASS","Capacitor_SMD:C_0603_1608Metric","","CC0603KRX7R9BB104","C14663","","1",""
"C9","1uF EN RESET","Capacitor_SMD:C_0603_1608Metric","","CL10A105KA8NNNC","C5673","","1",""
"C10","22uF 25V AP63203 IN","Capacitor_SMD:C_1206_3216Metric","","CL31A226KAHNNNE","C12891","","1",""
"C11","100nF 50V AP63203 IN","Capacitor_SMD:C_0603_1608Metric","","CC0603KRX7R9BB104","C14663","","1",""
"C12","100nF 50V BOOTSTRAP","Capacitor_SMD:C_0603_1608Metric","","CC0603KRX7R9BB104","C14663","","1",""
"C13","22uF 25V AP63203 OUT","Capacitor_SMD:C_1206_3216Metric","","CL31A226KAHNNNE","C12891","","1",""
"C14","22uF 25V AP63203 OUT","Capacitor_SMD:C_1206_3216Metric","","CL31A226KAHNNNE","C12891","","1",""
"C15","10uF MUX OUT","Capacitor_SMD:C_0805_2012Metric","","CL21A106KOQNNNE","C1713","","1",""
"C16","100nF MUX OUT","Capacitor_SMD:C_0603_1608Metric","","CC0603KRX7R9BB104","C14663","","1",""
"C17","1uF MUX VIN1","Capacitor_SMD:C_0603_1608Metric","","CL10A105KA8NNNC","C5673","","1",""
"C18","1uF MUX VIN2","Capacitor_SMD:C_0603_1608Metric","","CL10A105KA8NNNC","C5673","","1",""
"D1","SMAJ5.0A USB TVS","Diode_SMD:D_SMA","LRC","SMAJ5.0A","C140902","","1",""
"D2","SMAJ12A PS1 TVS","Diode_SMD:D_SMA","GOODWORK","SMAJ12A","C908766","","1",""
"D3","PESD3V3U1UA ACK ESD","Diode_SMD:D_SOD-323","Nexperia","PESD3V3U1UA,115","C403915","","1",""
"D4","TPD2EUSB30A USB ESD","Package_TO_SOT_SMD:Texas_DRT-3","TECH PUBLIC","TPD2EUSB30ADRTR-TP","C2987043","","1",""
"D5","TPD2EUSB30A HARNESS ESD","Package_TO_SOT_SMD:Texas_DRT-3","TECH PUBLIC","TPD2EUSB30ADRTR-TP","C2987043","","1",""
"D6","TPD2EUSB30A HARNESS ESD","Package_TO_SOT_SMD:Texas_DRT-3","TECH PUBLIC","TPD2EUSB30ADRTR-TP","C2987043","","1",""
"D7","TPD2EUSB30A HARNESS ESD","Package_TO_SOT_SMD:Texas_DRT-3","TECH PUBLIC","TPD2EUSB30ADRTR-TP","C2987043","","1",""
"D8","GREEN POWER","LED_SMD:LED_0603_1608Metric","","19-217/GHC-YR1S2/3T","C2286","","1",""
"D9","BLUE STATUS","LED_SMD:LED_0603_1608Metric","","19-217/BHC-ZL1M2RY/3T","C2293","","1",""
"F1","750mA USB PTC","Fuse:Fuse_1206_3216Metric","BHFUSE","BSMD1206-075-30V","C976305","","1",""
"F2","0.75A PS1 PTC","Fuse:Fuse_1206_3216Metric","BHFUSE","BSMD1206-075-30V","C976305","","1",""
"J1","J1 PS1 CONTROLLER - NOT USB","Connector_USB:HC-USB3.0-L168-ZP","Hong Cheng","HC-USB3.0-L168-ZP","C7501856","","1",""
"J2","J2 PS1 SERIAL - NOT USB","Connector_USB:HC-USB3.0-L168-ZP","Hong Cheng","HC-USB3.0-L168-ZP","C7501856","","1",""
"J3","J3 USB-C POWER / PROGRAM / PC","Connector_USB:USB_C_Receptacle_HRO_TYPE-C-31-M-12_S1","Korean Hroparts","TYPE-C-31-M-12","C165948","","1",""
"J5","AP63203WU-7","Package_TO_SOT_SMD:TSOT-23-6","Diodes Incorporated","AP63203WU-7","C780769","","1",""
"L1","4.7uH +/-20%, 2.5A rated, 4.7A Isat","Inductor_SMD:L_Sunlord_SWPA4020S","Magnetsyc","CPN4020H4R7MT","C52741363","4.7uH +/-20%; 2.5A rated; 4.7A Isat; SMD 4x4mm","1",""
"Q1","2N7002 DATA OPEN-DRAIN","Package_TO_SOT_SMD:SOT-23","Jiangsu Changjing Electronics","2N7002","C8545","","1",""
"Q2","2N7002 ACK OPEN-DRAIN","Package_TO_SOT_SMD:SOT-23","Jiangsu Changjing Electronics","2N7002","C8545","","1",""
"Q4","MMBT3904 AUTO RESET","Package_TO_SOT_SMD:SOT-23","onsemi","MMBT3904LT1G","C81464","","1",""
"Q5","MMBT3904 AUTO BOOT","Package_TO_SOT_SMD:SOT-23","onsemi","MMBT3904LT1G","C81464","","1",""
"R1","5.1k CC1","Resistor_SMD:R_0402_1005Metric","","0402WGF5101TCE","C25905","","1",""
"R2","5.1k CC2","Resistor_SMD:R_0402_1005Metric","","0402WGF5101TCE","C25905","","1",""
"R3","10k EN PU","Resistor_SMD:R_0603_1608Metric","","0603WAF1002T5E","C25804","","1",""
"R4","10k BOOT PU","Resistor_SMD:R_0603_1608Metric","","0603WAF1002T5E","C25804","","1",""
"R5","1k UART RX SERIES","Resistor_SMD:R_0603_1608Metric","","0603WAF1001T5E","C21190","","1",""
"R6","100k UART RX PULLDOWN","Resistor_SMD:R_0603_1608Metric","","0603WAF1003T5E","C25803","","1",""
"R7","1k PS1 CMD","Resistor_SMD:R_0603_1608Metric","","0603WAF1001T5E","C21190","","1",""
"R8","100R DATA GATE","Resistor_SMD:R_0603_1608Metric","","0603WAF1000T5E","C22775","","1",""
"R9","1k PS1 CLK","Resistor_SMD:R_0603_1608Metric","","0603WAF1001T5E","C21190","","1",""
"R10","1k PS1 ATT","Resistor_SMD:R_0603_1608Metric","","0603WAF1001T5E","C21190","","1",""
"R11","1k PS1 ACK","Resistor_SMD:R_0603_1608Metric","","0603WAF1001T5E","C21190","","1",""
"R12","10k PS1 DATA PU","Resistor_SMD:R_0603_1608Metric","","0603WAF1002T5E","C25804","","1",""
"R13","10k PS1 ACK PU","Resistor_SMD:R_0603_1608Metric","","0603WAF1002T5E","C25804","","1",""
"R14","1k UART2 TX","Resistor_SMD:R_0603_1608Metric","","0603WAF1001T5E","C21190","","1",""
"R15","1k UART2 RX","Resistor_SMD:R_0603_1608Metric","","0603WAF1001T5E","C21190","","1",""
"R16","100k MUX STATUS PU","Resistor_SMD:R_0603_1608Metric","","0603WAF1003T5E","C25803","","1",""
"R17","0R CH340 3V3 LINK","Resistor_SMD:R_0402_1005Metric","","0402WGF0000TCE","C17168","","1",""
"R18","10k TPS2116 PR1 TOP","Resistor_SMD:R_0603_1608Metric","","0603WAF1002T5E","C25804","","1",""
"R19","10k TPS2116 PR1 BOTTOM","Resistor_SMD:R_0603_1608Metric","","0603WAF1002T5E","C25804","","1",""
"R21","0R GPIO21 ROUTE LINK","Resistor_SMD:R_0402_1005Metric","","0402WGF0000TCE","C17168","","1",""
"R22","0R GPIO21 ROUTE LINK 2","Resistor_SMD:R_0402_1005Metric","","0402WGF0000TCE","C17168","","1",""
"R23","0R UART TX ROUTE LINK","Resistor_SMD:R_0402_1005Metric","","0402WGF0000TCE","C17168","","1",""
"R24","0R UART TX LINK 2","Resistor_SMD:R_0402_1005Metric","","0402WGF0000TCE","C17168","","1",""
"R25","0R UART TX SERVICE LINK","Resistor_SMD:R_0402_1005Metric","","0402WGF0000TCE","C17168","","1",""
"R32","100k UNUSED INPUT PULLDOWN","Resistor_SMD:R_0603_1608Metric","","0603WAF1003T5E","C25803","","1",""
"R35","100k UNUSED INPUT PULLDOWN","Resistor_SMD:R_0603_1608Metric","","0603WAF1003T5E","C25803","","1",""
"R36","100k DATA GATE PULLDOWN","Resistor_SMD:R_0603_1608Metric","","0603WAF1003T5E","C25803","","1",""
"R37","100R ACK GATE","Resistor_SMD:R_0603_1608Metric","","0603WAF1000T5E","C22775","","1",""
"R38","100k ACK GATE PULLDOWN","Resistor_SMD:R_0603_1608Metric","","0603WAF1003T5E","C25803","","1",""
"R39","10k DTR BASE","Resistor_SMD:R_0603_1608Metric","","0603WAF1002T5E","C25804","","1",""
"R40","10k RTS BASE","Resistor_SMD:R_0603_1608Metric","","0603WAF1002T5E","C25804","","1",""
"R41","1k POWER LED","Resistor_SMD:R_0603_1608Metric","","0603WAF1001T5E","C21190","","1",""
"R42","1k STATUS LED","Resistor_SMD:R_0603_1608Metric","","0603WAF1001T5E","C21190","","1",""
"SW1","RESET","Button_Switch_SMD:K2-1107ST-A4SW-06","Korean Hroparts","K2-1107ST-A4SW-06","C2837195","","1",""
"SW2","BOOT","Button_Switch_SMD:K2-1107ST-A4SW-06","Korean Hroparts","K2-1107ST-A4SW-06","C2837195","","1",""
"U1","ESP32-WROOM-32E","RF_Module:ESP32-WROOM-32E-N4-PROD","Espressif Systems","ESP32-WROOM-32E-N4","C701341","","1",""
"U2","CH340C","Package_SO:SOIC-16_3.9x9.9mm_P1.27mm","WCH","CH340C","C84681","","1",""
"U4","AP2112K-3.3","Package_TO_SOT_SMD:SOT-23-5","Diodes Incorporated","AP2112K-3.3TRG1","C51118","","1",""
"U6","TPS2116DRLR POWER MUX","Package_TO_SOT_SMD:SOT-583-8","Texas Instruments","TPS2116DRLR","C3235557","","1",""
